[
  {
    "id": "482e7df7-d4dd-4bf2-9e7a-e6429e1a3c6a",
    "name": "\u65f6\u95f4\u8ff7\u9014",
    "name_en": "Lost in Time",
    "description": "",
    "description_en": "",
    "icon": "\u26cf\ufe0f",
    "icon_image": null,
    "base_video_path": "storylines/482e7df7-d4dd-4bf2-9e7a-e6429e1a3c6a/base_video.mp4",
    "video_duration": 56.341,
    "character_id": null,
    "created_at": "2025-12-02T03:23:52.836671",
    "updated_at": "2025-12-02T07:48:19.595868",
    "segments": [
      {
        "index": 0,
        "duration": 8.84,
        "path_type": "static",
        "offset_start_x": 0,
        "offset_start_y": 0,
        "offset_end_x": 0,
        "offset_end_y": 0,
        "guidance_text": "",
        "guidance_text_en": "",
        "guidance_image": null
      },
      {
        "index": 1,
        "duration": 10.0,
        "path_type": "static",
        "offset_start_x": 0,
        "offset_start_y": 0,
        "offset_end_x": 0,
        "offset_end_y": 0,
        "guidance_text": "",
        "guidance_text_en": "",
        "guidance_image": null
      }
    ],
    "character_videos": [
      {
        "character_id": "9b101290-6b10-4cbc-80c4-61c947bcbde0",
        "is_default": true,
        "display_order": 0,
        "video_path": null,
        "video_duration": null,
        "video_thumbnail": null,
        "video_uploaded_at": null
      }
    ]
  },
  {
    "id": "871c18b4-5136-4ea2-b574-b27363f96150",
    "name": "\u6765\u81ea\u4e94\u767e\u5e74\u524d\u7684\u68a6",
    "name_en": "",
    "description": "",
    "description_en": "",
    "icon": "\u26cf\ufe0f",
    "icon_image": null,
    "base_video_path": "storylines/871c18b4-5136-4ea2-b574-b27363f96150/base_video.mp4",
    "video_duration": 33.575873,
    "character_id": null,
    "created_at": "2025-12-02T05:10:36.326872",
    "updated_at": "2025-12-02T07:20:13.589744",
    "segments": [],
    "character_videos": [
      {
        "character_id": "9b101290-6b10-4cbc-80c4-61c947bcbde0",
        "is_default": true,
        "display_order": 0,
        "video_path": null,
        "video_duration": null,
        "video_thumbnail": null,
        "video_uploaded_at": null
      }
    ]
  },
  {
    "id": "080049d9-34dc-4c4d-a9bb-a2e8acebe840",
    "name": "\u6dd8\u91d1\u8005",
    "name_en": "Gold Seekers",
    "description": "",
    "description_en": "",
    "icon": "\u26cf\ufe0f",
    "icon_image": null,
    "base_video_path": "storylines/080049d9-34dc-4c4d-a9bb-a2e8acebe840/base_video.mp4",
    "video_duration": 33.575873,
    "character_id": null,
    "created_at": "2025-12-02T07:21:08.497644",
    "updated_at": "2025-12-02T07:26:17.991180",
    "segments": [],
    "character_videos": [
      {
        "character_id": "9b101290-6b10-4cbc-80c4-61c947bcbde0",
        "is_default": true,
        "display_order": 0,
        "video_path": null,
        "video_duration": null,
        "video_thumbnail": null,
        "video_uploaded_at": null
      }
    ]
  }
]