{
  "id": "1b2faa53-e1b1-4815-b361-bb8d50bef848",
  "scene_id": "sceneC",
  "status": "pending",
  "segments": [
    {
      "index": 0,
      "duration": 8.0,
      "frames": [
        {
          "timestamp": 0.033,
          "landmarks": [
            [
              0.5,
              0.3,
              -0.1,
              0.99
            ],
            [
              0.52,
              0.28,
              -0.12,
              0.98
            ]
          ]
        }
      ]
    }
  ],
  "output_path": null,
  "created_at": 1763880221.6245584,
  "updated_at": 1763880221.635288
}