{
  "id": "203ef6ed-d8f2-4c0a-9636-41881ebef27f",
  "scene_id": "sceneC",
  "status": "pending",
  "segments": [
    {
      "index": 0,
      "duration": 8.0,
      "frames": [
        {
          "timestamp": 0.033,
          "landmarks": [
            [
              0.5,
              0.3,
              -0.1,
              0.99
            ],
            [
              0.52,
              0.28,
              -0.12,
              0.98
            ]
          ]
        }
      ]
    }
  ],
  "output_path": null,
  "created_at": 1763877818.0943284,
  "updated_at": 1763877818.112892
}