{
  "id": "4d1a5a7a-b519-4ae3-a486-f127654dea86",
  "scene_id": "sceneC",
  "status": "pending",
  "segments": [
    {
      "index": 0,
      "duration": 8.0,
      "frames": [
        {
          "timestamp": 0.033,
          "landmarks": [
            [
              0.5,
              0.3,
              -0.1,
              0.99
            ],
            [
              0.52,
              0.28,
              -0.12,
              0.98
            ]
          ]
        }
      ]
    }
  ],
  "output_path": null,
  "created_at": 1763879168.8787825,
  "updated_at": 1763879168.8919272
}