{
  "id": "4ee650e4-97cd-4673-aa29-40956ed6a812",
  "scene_id": "sceneC",
  "status": "pending",
  "segments": [
    {
      "index": 0,
      "duration": 8.0,
      "frames": [
        {
          "timestamp": 0.033,
          "landmarks": [
            [
              0.5,
              0.3,
              -0.1,
              0.99
            ],
            [
              0.52,
              0.28,
              -0.12,
              0.98
            ]
          ]
        }
      ]
    }
  ],
  "output_path": null,
  "created_at": 1763998598.7154458,
  "updated_at": 1763998598.7321358
}