{
  "id": "943e5db6-e60b-4e15-bbf3-9c327d9a4fa2",
  "scene_id": "sceneC",
  "status": "pending",
  "segments": [
    {
      "index": 0,
      "duration": 8.0,
      "frames": [
        {
          "timestamp": 0.033,
          "landmarks": [
            [
              0.5,
              0.3,
              -0.1,
              0.99
            ],
            [
              0.52,
              0.28,
              -0.12,
              0.98
            ]
          ]
        }
      ]
    }
  ],
  "output_path": null,
  "created_at": 1763877741.2065613,
  "updated_at": 1763877741.226414
}